voices,depth,samples,final_iter_sum,fallbacks,substeps,refactors,max_final_iter,adapter_resets,nr_failed_resets,seven_repeats_audio_hash
0,0,48128,48128,0,0,0,3,0,0,18064284675434658028
0,0.5,48128,48128,0,0,0,3,0,0,18064284675434658028
1,0,48128,132817,0,0,9233,235,0,0,15012386694365256596
1,0.5,48128,134155,5,0,9507,251,5,5,2179797640042596967
6,0,48128,187120,10,2,42407,251,12,12,4108994765503985952
6,0.5,48128,175986,13,0,37378,251,14,14,15301552179039037109
32,0,48128,202850,21,2,46546,251,23,23,1160718556756248045
32,0.5,48128,179428,7,0,36568,251,8,8,1874067635077103250
64,0,48128,373835,84,3,143439,251,87,87,15890353473553289238
64,0.5,48128,320687,50,5,113473,251,55,55,2428036010564827441
