voices,depth,samples,final_iter_sum,fallbacks,substeps,refactors,max_final_iter,adapter_resets,nr_failed_resets,seven_repeats_audio_hash,recovery_ms,render_ms
0,0,48128,48128,0,0,0,3,0,0,18064284675434658028,0,134.176542
0,0.5,48128,48128,0,0,0,3,0,0,18064284675434658028,0,219.2825
1,0,48128,132817,0,0,9233,235,0,0,15012386694365256596,0,221.126209
1,0.5,48128,134155,5,0,9507,251,5,5,2179797640042596967,53.756124,355.956292
6,0,48128,187120,10,2,42407,251,12,12,4108994765503985952,122.14217,487.37770800000004
6,0.5,48128,175986,13,0,37378,251,14,14,15301552179039037109,143.872,522.566209
32,0,48128,202850,21,2,46546,251,23,23,1160718556756248045,239.15775,593.338666
32,0.5,48128,179428,7,0,36568,251,8,8,1874067635077103250,78.413332,472.210833
64,0,48128,373835,84,3,143439,251,87,87,15890353473553289238,957.049876,1614.6025000000002
64,0.5,48128,320687,50,5,113473,251,55,55,2428036010564827441,641.764159,1327.143875
