mode,voices,depth,workload,median_ns_per_sample,p99_block_us,max_block_us,checksum,nan,amp_clamps,amp_maxiter
Fast,0,0,held,890.17,346.29,506.67,4636369262827365782,0,0,0
Heavy,0,0,held,6028.66,2986.79,7563.62,18064284675434658028,0,0,0
Fast,0,0.5,held,972.49,286.75,387.67,2511612657959535665,0,0,0
Heavy,0,0.5,held,9305.63,2637.38,2910.62,18064284675434658028,0,0,0
Fast,1,0,held,979.20,287.29,384.58,16598789337551293010,0,0,0
Heavy,1,0,held,9503.50,3328.71,4452.12,15012386694365256596,0,0,0
Fast,1,0.5,held,1090.67,321.00,553.17,13814334501746242465,0,0,0
Heavy,1,0.5,held,15493.69,16019.37,28385.79,2179797640042596967,0,0,0
Fast,6,0,held,1110.23,343.38,485.38,1806569219094286110,0,0,0
Heavy,6,0,held,19047.23,29301.58,30349.21,4108994765503985952,0,0,0
Fast,6,0.5,held,1213.31,393.08,496.71,5566467494273325292,0,0,0
Heavy,6,0.5,held,22564.73,30060.46,36061.83,15301552179039037109,0,0,0
Fast,32,0,held,1460.60,551.42,606.42,15889316757170440721,0,0,0
Heavy,32,0,held,25409.52,28738.83,41239.88,1160718556756248045,0,0,0
Fast,32,0.5,held,1568.50,600.46,671.71,4829137987240971936,0,0,0
Heavy,32,0.5,held,20272.46,18183.92,29607.08,1874067635077103250,0,0,0
Fast,64,0,held,1870.74,749.96,764.33,8566461441475493253,0,0,0
Heavy,64,0,held,72429.32,83382.62,111507.29,15890353473553289238,0,0,0
Fast,64,0.5,held,1975.58,766.71,871.12,11755141212962833263,0,0,0
Heavy,64,0.5,held,51582.12,60892.42,76456.75,2428036010564827441,0,0,0
