voices,depth,main_maxiter,main_be_fallback,main_magnitude_reset,main_nan_reset,shadow_fallback,main_final_iterations_sum,rebuild_ns_per_host_sample,solve_ns_per_host_sample,input_peak,preamp_peak
0,0,0,0,0,0,0,48128,38.70,1948.07,0.000000,0.000000
0,0.5,0,0,0,0,0,48128,3287.00,1994.53,0.000000,0.000000
1,0,0,0,0,0,0,48128,41.18,2259.39,0.032970,0.203788
1,0.5,0,0,0,0,0,48128,3293.84,2000.87,0.032970,0.167658
6,0,0,0,0,0,0,48130,38.58,2052.54,0.097764,0.577257
6,0.5,0,0,0,0,0,48129,3360.85,2037.45,0.097764,0.426617
32,0,0,0,0,0,0,48142,38.12,1998.79,0.171646,1.014814
32,0.5,0,0,0,0,0,48128,3289.55,1999.07,0.171646,0.751261
64,0,0,0,0,0,0,62351,38.78,2298.90,0.260348,1.540833
64,0.5,0,0,0,0,0,59446,3278.77,2192.18,0.260348,1.310427
