policy,case,rate,heavy,mlp,block,samples,differing_bits,diagnostic_mismatch_callbacks,nonfinite,primary_failures,skipped_recoveries,recovery_attempts,guard_resets,last_iteration_rejections,counter_evidence
audio-final,prior-review-heavy6,48000,True,False,256,24128,0,0,0,13,13,0,14,1,audio-final
audio-final,prior-review-heavy64,48000,True,False,256,24128,0,0,0,55,55,0,55,0,audio-final
audio-final,44100-fast-mlpfalse-held6,44100,False,False,64,12288,0,0,0,0,0,0,0,0,audio-final
audio-final,44100-fast-mlpfalse-held64,44100,False,False,257,12288,0,0,0,0,0,0,0,0,audio-final
audio-final,44100-fast-mlpfalse-extended-lifecycle-controls,44100,False,False,1,12288,0,0,0,0,0,0,0,0,audio-final
audio-final,44100-fast-mlptrue-held6,44100,False,True,64,12288,0,0,0,0,0,0,0,0,audio-final
audio-final,44100-fast-mlptrue-held64,44100,False,True,257,12288,0,0,0,0,0,0,0,0,audio-final
audio-final,44100-fast-mlptrue-extended-lifecycle-controls,44100,False,True,1024,12288,0,0,0,0,0,0,0,0,audio-final
audio-final,44100-heavy-mlpfalse-held6,44100,True,False,64,12288,0,0,0,15,15,0,15,0,audio-final
audio-final,44100-heavy-mlpfalse-held64,44100,True,False,257,12288,0,0,0,125,125,0,126,1,audio-final
audio-final,44100-heavy-mlpfalse-extended-lifecycle-controls,44100,True,False,1,12288,0,0,0,391,391,0,393,2,audio-final
audio-final,44100-heavy-mlptrue-held6,44100,True,True,64,12288,0,0,0,15,15,0,15,0,audio-final
audio-final,44100-heavy-mlptrue-held64,44100,True,True,257,12288,0,0,0,100,100,0,102,2,audio-final
audio-final,44100-heavy-mlptrue-extended-lifecycle-controls,44100,True,True,1024,12288,0,0,0,452,452,0,452,0,audio-final
audio-final,48000-fast-mlpfalse-held6,48000,False,False,64,12288,0,0,0,0,0,0,0,0,audio-final
audio-final,48000-fast-mlpfalse-held64,48000,False,False,257,12288,0,0,0,0,0,0,0,0,audio-final
audio-final,48000-fast-mlpfalse-extended-lifecycle-controls,48000,False,False,1024,12288,0,0,0,0,0,0,0,0,audio-final
audio-final,48000-fast-mlptrue-held6,48000,False,True,64,12288,0,0,0,0,0,0,0,0,audio-final
audio-final,48000-fast-mlptrue-held64,48000,False,True,257,12288,0,0,0,0,0,0,0,0,audio-final
audio-final,48000-fast-mlptrue-extended-lifecycle-controls,48000,False,True,1024,12288,0,0,0,0,0,0,0,0,audio-final
audio-final,48000-heavy-mlpfalse-held6,48000,True,False,64,12288,0,0,0,14,14,0,14,0,audio-final
audio-final,48000-heavy-mlpfalse-held64,48000,True,False,257,12288,0,0,0,101,101,0,101,0,audio-final
audio-final,48000-heavy-mlpfalse-extended-lifecycle-controls,48000,True,False,1024,12288,0,0,0,441,441,0,441,0,audio-final
audio-final,48000-heavy-mlptrue-held6,48000,True,True,64,12288,0,0,0,9,9,0,9,0,audio-final
audio-final,48000-heavy-mlptrue-held64,48000,True,True,257,12288,0,0,0,121,121,0,122,1,audio-final
audio-final,48000-heavy-mlptrue-extended-lifecycle-controls,48000,True,True,1024,12288,0,0,0,486,486,0,486,0,audio-final
audio-final,88200-fast-mlpfalse-held6,88200,False,False,64,12288,0,0,0,0,0,0,0,0,audio-final
audio-final,88200-fast-mlpfalse-held64,88200,False,False,257,12288,0,0,0,0,0,0,0,0,audio-final
audio-final,88200-fast-mlpfalse-extended-lifecycle-controls,88200,False,False,1024,12288,0,0,0,0,0,0,0,0,audio-final
audio-final,88200-fast-mlptrue-held6,88200,False,True,64,12288,0,0,0,0,0,0,0,0,audio-final
audio-final,88200-fast-mlptrue-held64,88200,False,True,257,12288,0,0,0,0,0,0,0,0,audio-final
audio-final,88200-fast-mlptrue-extended-lifecycle-controls,88200,False,True,1024,12288,0,0,0,0,0,0,0,0,audio-final
audio-final,88200-heavy-mlpfalse-held6,88200,True,False,64,12288,0,0,0,6,6,0,6,0,audio-final
audio-final,88200-heavy-mlpfalse-held64,88200,True,False,257,12288,0,0,0,71,71,0,72,1,audio-final
audio-final,88200-heavy-mlpfalse-extended-lifecycle-controls,88200,True,False,1024,12288,0,0,0,248,248,0,248,0,audio-final
audio-final,88200-heavy-mlptrue-held6,88200,True,True,64,12288,0,0,0,7,7,0,7,0,audio-final
audio-final,88200-heavy-mlptrue-held64,88200,True,True,257,12288,0,0,0,59,59,0,59,0,audio-final
audio-final,88200-heavy-mlptrue-extended-lifecycle-controls,88200,True,True,1024,12288,0,0,0,209,209,0,210,1,audio-final
audio-final,96000-fast-mlpfalse-held6,96000,False,False,64,12288,0,0,0,0,0,0,0,0,audio-final
audio-final,96000-fast-mlpfalse-held64,96000,False,False,257,12288,0,0,0,0,0,0,0,0,audio-final
audio-final,96000-fast-mlpfalse-extended-lifecycle-controls,96000,False,False,1024,12288,0,0,0,0,0,0,0,0,audio-final
audio-final,96000-fast-mlptrue-held6,96000,False,True,64,12288,0,0,0,0,0,0,0,0,audio-final
audio-final,96000-fast-mlptrue-held64,96000,False,True,257,12288,0,0,0,0,0,0,0,0,audio-final
audio-final,96000-fast-mlptrue-extended-lifecycle-controls,96000,False,True,1024,12288,0,0,0,0,0,0,0,0,audio-final
audio-final,96000-heavy-mlpfalse-held6,96000,True,False,64,12288,0,0,0,2,2,0,2,0,audio-final
audio-final,96000-heavy-mlpfalse-held64,96000,True,False,257,12288,0,0,0,66,66,0,67,1,audio-final
audio-final,96000-heavy-mlpfalse-extended-lifecycle-controls,96000,True,False,1024,12288,0,0,0,182,182,0,183,1,audio-final
audio-final,96000-heavy-mlptrue-held6,96000,True,True,64,12288,0,0,0,5,5,0,5,0,audio-final
audio-final,96000-heavy-mlptrue-held64,96000,True,True,257,12288,0,0,0,62,62,0,62,0,audio-final
audio-final,96000-heavy-mlptrue-extended-lifecycle-controls,96000,True,True,1024,12288,0,0,0,178,178,0,179,1,audio-final
audio-final,mode-rate-reset-fast,48000,False,True,257,60000,0,0,0,53,53,0,53,0,audio-rate-counter-correction
audio-final,mode-rate-reset-heavy,48000,True,True,257,60000,0,0,0,37,37,0,37,0,audio-rate-counter-correction
audio-final,long-tail-heavy-20x-5seconds,48000,True,True,1024,240000,0,0,0,1104,1104,0,1112,8,audio-final
audio-full-final,prior-review-heavy6,48000,True,False,256,24128,0,0,0,13,0,13,14,1,audio-full-final
audio-full-final,prior-review-heavy64,48000,True,False,256,24128,0,0,0,55,0,55,55,0,audio-full-final
audio-full-final,48000-heavy-mlpfalse-held6,48000,True,False,64,12288,0,0,0,14,0,14,14,0,audio-full-final
audio-full-final,48000-heavy-mlpfalse-held64,48000,True,False,257,12288,0,0,0,101,0,101,101,0,audio-full-final
audio-full-final,48000-heavy-mlpfalse-extended-lifecycle-controls,48000,True,False,1024,12288,0,0,0,441,0,441,441,0,audio-full-final
audio-full-final,48000-heavy-mlptrue-held6,48000,True,True,64,12288,0,0,0,9,0,9,9,0,audio-full-final
audio-full-final,48000-heavy-mlptrue-held64,48000,True,True,257,12288,0,0,0,121,0,121,122,1,audio-full-final
audio-full-final,48000-heavy-mlptrue-extended-lifecycle-controls,48000,True,True,1024,12288,0,0,0,486,0,486,486,0,audio-full-final
