heavy,voices,depth,block,pair,order,side,render_ns_per_sample,p99_block_us,max_block_us,note_on_total_ns,blocks,hash
True,1,0.0,256,0,"reference,candidate",reference,9114.400157493368,2898.708,2902.75,11584,95,16976755391651649646
True,1,0.0,256,0,"reference,candidate",candidate,9169.358960543766,2895.333,2899.958,9708,95,16976755391651649646
True,1,0.0,256,1,"candidate,reference",reference,9169.951052718832,2951.166,2970.333,9542,95,16976755391651649646
True,1,0.0,256,1,"candidate,reference",candidate,9232.49266412467,2893.541,2899.625,9541,95,16976755391651649646
True,1,0.0,256,2,"reference,candidate",reference,9189.558562665783,2936.125,2954.459,10542,95,16976755391651649646
True,1,0.0,256,2,"reference,candidate",candidate,9143.19321949602,2897.5,2913.208,10708,95,16976755391651649646
True,1,0.0,256,3,"candidate,reference",reference,9132.681241710876,2894.458,2980.75,9917,95,16976755391651649646
True,1,0.0,256,3,"candidate,reference",candidate,9210.680122679045,2974.542,2984.708,10042,95,16976755391651649646
True,1,0.0,256,4,"reference,candidate",reference,9151.079782824934,2892.584,3040.334,13959,95,16976755391651649646
True,1,0.0,256,4,"reference,candidate",candidate,9181.194960212202,2924.792,3253.292,10000,95,16976755391651649646
True,1,0.5,256,0,"reference,candidate",reference,14805.61841014589,15051.291,26555.375,10334,95,2085765626396087490
True,1,0.5,256,0,"reference,candidate",candidate,12550.280586870027,4038.334,5100.792,14375,95,2085765626396087490
True,1,0.5,256,1,"candidate,reference",reference,14775.373300729443,14844.041,26198.0,10459,95,2085765626396087490
True,1,0.5,256,1,"candidate,reference",candidate,12719.169554045093,4122.541,4973.083,11292,95,2085765626396087490
True,1,0.5,256,2,"reference,candidate",reference,14980.771178713529,14973.541,26396.084,10250,95,2085765626396087490
True,1,0.5,256,2,"reference,candidate",candidate,12711.215392904509,4109.25,5094.708,10083,95,2085765626396087490
True,1,0.5,256,3,"candidate,reference",reference,15021.042025862069,15375.916,26874.875,9416,95,2085765626396087490
True,1,0.5,256,3,"candidate,reference",candidate,12874.105562002653,4082.6250000000005,5448.625,15625,95,2085765626396087490
True,1,0.5,256,4,"reference,candidate",reference,15021.299527519894,14913.25,26780.583,10834,95,2085765626396087490
True,1,0.5,256,4,"reference,candidate",candidate,12763.540575265251,4086.0,4982.041,14583,95,2085765626396087490
True,6,0.0,256,0,"reference,candidate",reference,18336.980686339524,27774.083,28508.375,39833,95,18085768479454840678
True,6,0.0,256,0,"reference,candidate",candidate,13402.10862897878,5478.333,5821.541,39417,95,18085768479454840678
True,6,0.0,256,1,"candidate,reference",reference,18242.23599137931,27867.916,28258.417,39583,95,18085768479454840678
True,6,0.0,256,1,"candidate,reference",candidate,13300.050646551725,5448.084,5726.292,38458,95,18085768479454840678
True,6,0.0,256,2,"reference,candidate",reference,18242.684598806365,27800.708,28678.708,40209,95,18085768479454840678
True,6,0.0,256,2,"reference,candidate",candidate,13351.182567970822,5607.75,5912.542,41167,95,18085768479454840678
True,6,0.0,256,3,"candidate,reference",reference,18301.188826259946,28168.541,28208.333,39709,95,18085768479454840678
True,6,0.0,256,3,"candidate,reference",candidate,13383.494653514588,5574.0,5978.417,39292,95,18085768479454840678
True,6,0.0,256,4,"reference,candidate",reference,18283.299568965518,27857.708,28151.5,40417,95,18085768479454840678
True,6,0.0,256,4,"reference,candidate",candidate,13255.12052387268,5467.5,5844.584,40708,95,18085768479454840678
True,6,0.5,256,0,"reference,candidate",reference,21870.05765086207,29199.584,29246.458,40083,95,11156565907587061269
True,6,0.5,256,0,"reference,candidate",candidate,15869.57737897878,5991.416,6774.375,39375,95,11156565907587061269
True,6,0.5,256,1,"candidate,reference",reference,21768.840600132626,29246.25,29576.083,40333,95,11156565907587061269
True,6,0.5,256,1,"candidate,reference",candidate,15867.788544429708,6032.375,6763.167,39250,95,11156565907587061269
True,6,0.5,256,2,"reference,candidate",reference,21764.611405835545,29025.75,29464.583,39792,95,11156565907587061269
True,6,0.5,256,2,"reference,candidate",candidate,16145.51040285146,5972.916,6822.958,39792,95,11156565907587061269
True,6,0.5,256,3,"candidate,reference",reference,21911.140417771883,29241.125,29530.542,38833,95,11156565907587061269
True,6,0.5,256,3,"candidate,reference",candidate,15889.75658985411,6037.833,6770.084,42417,95,11156565907587061269
True,6,0.5,256,4,"reference,candidate",reference,22045.97865550398,29503.667,29575.0,39167,95,11156565907587061269
True,6,0.5,256,4,"reference,candidate",candidate,15991.04786969496,6015.792,6772.75,39583,95,11156565907587061269
True,32,0.0,256,0,"reference,candidate",reference,25009.599552387266,27583.791,39677.042,190208,95,84312908663214828
True,32,0.0,256,0,"reference,candidate",candidate,14800.629310344828,5382.542,5885.792,190666,95,84312908663214828
True,32,0.0,256,1,"candidate,reference",reference,24823.099676724138,27330.875,39123.625,190916,95,84312908663214828
True,32,0.0,256,1,"candidate,reference",candidate,14889.40973143236,5497.25,5857.75,199541,95,84312908663214828
True,32,0.0,256,2,"reference,candidate",reference,24763.87562168435,27182.75,39051.292,190541,95,84312908663214828
True,32,0.0,256,2,"reference,candidate",candidate,14828.872554708223,5508.75,5790.875,189292,95,84312908663214828
True,32,0.0,256,3,"candidate,reference",reference,24996.989638594165,27676.75,40211.625,190583,95,84312908663214828
True,32,0.0,256,3,"candidate,reference",candidate,14891.966677718832,5493.125,5600.917,191250,95,84312908663214828
True,32,0.0,256,4,"reference,candidate",reference,24889.63900862069,27396.375,40097.125,193750,95,84312908663214828
True,32,0.0,256,4,"reference,candidate",candidate,14856.404923740052,5578.958,5649.209,191084,95,84312908663214828
True,32,0.5,256,0,"reference,candidate",reference,19799.34793600796,17482.042,28402.125,190917,95,14938813602815669632
True,32,0.5,256,0,"reference,candidate",candidate,16553.803299071616,5699.625,5946.292,191042,95,14938813602815669632
True,32,0.5,256,1,"candidate,reference",reference,19791.9119280504,17195.417,28488.417,190333,95,14938813602815669632
True,32,0.5,256,1,"candidate,reference",candidate,16475.22409648541,5699.541,5852.584,191333,95,14938813602815669632
True,32,0.5,256,2,"reference,candidate",reference,19783.33778183024,17332.083,28590.375,190834,95,14938813602815669632
True,32,0.5,256,2,"reference,candidate",candidate,16488.4074933687,5804.0,5852.541,194917,95,14938813602815669632
True,32,0.5,256,3,"candidate,reference",reference,19766.065525530503,17298.792,28448.125,190958,95,14938813602815669632
True,32,0.5,256,3,"candidate,reference",candidate,16485.039829244033,5686.542,5846.5,189959,95,14938813602815669632
True,32,0.5,256,4,"reference,candidate",reference,20030.210543766578,17400.541,28582.125,191208,95,14938813602815669632
True,32,0.5,256,4,"reference,candidate",candidate,16699.097645888593,5792.208,5850.542,191083,95,14938813602815669632
True,64,0.0,256,0,"reference,candidate",reference,66559.49676724138,70088.791,79224.417,378750,95,1570198891607278371
True,64,0.0,256,0,"reference,candidate",candidate,27210.22753647215,12590.208,13848.625,383750,95,1570198891607278371
True,64,0.0,256,1,"candidate,reference",reference,67372.51856763926,70359.416,82230.125,378917,95,1570198891607278371
True,64,0.0,256,1,"candidate,reference",candidate,27224.072281167108,12538.208,13693.583,379500,95,1570198891607278371
True,64,0.0,256,2,"reference,candidate",reference,67292.81312168435,69926.25,81184.458,378000,95,1570198891607278371
True,64,0.0,256,2,"reference,candidate",candidate,27706.694297082227,12854.667,15033.125,415250,95,1570198891607278371
True,64,0.0,256,3,"candidate,reference",reference,67349.45213030504,70573.833,80356.333,381542,95,1570198891607278371
True,64,0.0,256,3,"candidate,reference",candidate,27643.193053713527,12968.125,14411.042,378167,95,1570198891607278371
True,64,0.0,256,4,"reference,candidate",reference,71152.63241876657,70747.375,81091.959,379166,95,1570198891607278371
True,64,0.0,256,4,"reference,candidate",candidate,27575.455155835545,12825.125,14257.041,382292,95,1570198891607278371
True,64,0.5,256,0,"reference,candidate",reference,50380.748839522545,58179.917,71962.25,384417,95,17008509867632800845
True,64,0.5,256,0,"reference,candidate",candidate,26768.41043600796,13303.25,15043.167,384375,95,17008509867632800845
True,64,0.5,256,1,"candidate,reference",reference,50584.87201591512,58943.042,72656.75,385083,95,17008509867632800845
True,64,0.5,256,1,"candidate,reference",candidate,26776.065939986736,13246.083,14956.708,379000,95,17008509867632800845
True,64,0.5,256,2,"reference,candidate",reference,50317.589108090186,58076.625,71537.875,379000,95,17008509867632800845
True,64,0.5,256,2,"reference,candidate",candidate,26779.165119363395,13283.041,14959.917,379125,95,17008509867632800845
True,64,0.5,256,3,"candidate,reference",reference,51365.47102950928,60582.167,71865.125,378875,95,17008509867632800845
True,64,0.5,256,3,"candidate,reference",candidate,26931.38888428382,13273.584,14950.042,378750,95,17008509867632800845
True,64,0.5,256,4,"reference,candidate",reference,53701.86766412467,64383.29099999999,71645.833,380042,95,17008509867632800845
True,64,0.5,256,4,"reference,candidate",candidate,27171.674817639258,13308.542,15959.792,387916,95,17008509867632800845
False,6,0.5,256,0,"reference,candidate",reference,1202.366752320955,333.792,338.541,39250,95,4402496669797720203
False,6,0.5,256,0,"reference,candidate",candidate,1199.8127901193634,360.458,509.37499999999994,39125,95,4402496669797720203
False,6,0.5,256,1,"candidate,reference",reference,1206.6601458885941,356.708,398.291,39250,95,4402496669797720203
False,6,0.5,256,1,"candidate,reference",candidate,1209.429874005305,372.625,565.417,41291,95,4402496669797720203
False,6,0.5,256,2,"reference,candidate",reference,1192.4025198938991,368.208,401.5,40125,95,4402496669797720203
False,6,0.5,256,2,"reference,candidate",candidate,1185.348474801061,333.541,335.084,39125,95,4402496669797720203
False,6,0.5,256,3,"candidate,reference",reference,1186.282451923077,324.458,333.833,40667,95,4402496669797720203
False,6,0.5,256,3,"candidate,reference",candidate,1191.772173408488,333.5,406.458,40959,95,4402496669797720203
False,6,0.5,256,4,"reference,candidate",reference,1187.814199270557,326.542,333.584,39334,95,4402496669797720203
False,6,0.5,256,4,"reference,candidate",candidate,1186.1567473474802,336.0,338.875,44667,95,4402496669797720203
False,64,0.5,256,0,"reference,candidate",reference,1902.5410311671087,669.625,778.917,394458,95,4746143005058675163
False,64,0.5,256,0,"reference,candidate",candidate,1903.3090185676392,642.125,767.917,378291,95,4746143005058675163
False,64,0.5,256,1,"candidate,reference",reference,2500.7078912466845,1182.709,1374.375,551958,95,4746143005058675163
False,64,0.5,256,1,"candidate,reference",candidate,1896.6295590185675,656.5,784.417,382666,95,4746143005058675163
False,64,0.5,256,2,"reference,candidate",reference,1898.3737151856765,642.25,768.708,379291,95,4746143005058675163
False,64,0.5,256,2,"reference,candidate",candidate,1900.6236322944296,642.75,772.5,378292,95,4746143005058675163
False,64,0.5,256,3,"candidate,reference",reference,1896.852453580902,659.459,768.0,384625,95,4746143005058675163
False,64,0.5,256,3,"candidate,reference",candidate,1903.8256797082229,642.333,768.042,379917,95,4746143005058675163
False,64,0.5,256,4,"reference,candidate",reference,1900.7706813660477,642.041,768.167,378875,95,4746143005058675163
False,64,0.5,256,4,"reference,candidate",candidate,1896.5033985411142,641.875,768.0,380583,95,4746143005058675163
True,6,0.5,1,0,"reference,candidate",reference,27254.79150390625,48.958,24940.833,40041,8192,18236551047880470897
True,6,0.5,1,0,"reference,candidate",candidate,17739.8251953125,52.584,1468.708,43875,8192,18236551047880470897
True,6,0.5,1,1,"candidate,reference",reference,27702.401489257812,50.666,25474.0,39708,8192,18236551047880470897
True,6,0.5,1,1,"candidate,reference",candidate,17760.835815429688,52.459,1444.959,39292,8192,18236551047880470897
True,6,0.5,1,2,"reference,candidate",reference,27337.826782226562,49.375,25047.625,39958,8192,18236551047880470897
True,6,0.5,1,2,"reference,candidate",candidate,17732.486938476562,50.333,1495.166,39791,8192,18236551047880470897
True,6,0.5,1,3,"candidate,reference",reference,27903.882446289062,51.042,25250.458,40334,8192,18236551047880470897
True,6,0.5,1,3,"candidate,reference",candidate,18212.797729492188,55.834,1529.083,39750,8192,18236551047880470897
True,6,0.5,1,4,"reference,candidate",reference,28154.5634765625,53.625,25053.166,39083,8192,18236551047880470897
True,6,0.5,1,4,"reference,candidate",candidate,18637.953002929688,59.917,1453.292,42917,8192,18236551047880470897
True,6,0.5,64,0,"reference,candidate",reference,34434.972412109375,15693.209,29608.875,49667,128,18236551047880470897
True,6,0.5,64,0,"reference,candidate",candidate,18890.747680664062,2369.042,3280.625,41625,128,18236551047880470897
True,6,0.5,64,1,"candidate,reference",reference,27588.959228515625,14173.875,27470.084,40083,128,18236551047880470897
True,6,0.5,64,1,"candidate,reference",candidate,17335.2353515625,2282.792,3121.458,39958,128,18236551047880470897
True,6,0.5,64,2,"reference,candidate",reference,27534.104370117188,13996.958,27041.959,40125,128,18236551047880470897
True,6,0.5,64,2,"reference,candidate",candidate,17396.80419921875,2242.5,3140.0,43667,128,18236551047880470897
True,6,0.5,64,3,"candidate,reference",reference,27398.452270507812,13937.375,27088.5,39625,128,18236551047880470897
True,6,0.5,64,3,"candidate,reference",candidate,17332.011596679688,2261.167,3184.709,39167,128,18236551047880470897
True,6,0.5,64,4,"reference,candidate",reference,27868.387939453125,14135.667,27217.625,42208,128,18236551047880470897
True,6,0.5,64,4,"reference,candidate",candidate,18464.025024414062,2278.292,6129.625,42583,128,18236551047880470897
True,6,0.5,257,0,"reference,candidate",reference,27098.460083007812,29495.75,29592.791,39250,32,18236551047880470897
True,6,0.5,257,0,"reference,candidate",candidate,17270.151611328125,6023.209,6803.208,44792,32,18236551047880470897
True,6,0.5,257,1,"candidate,reference",reference,27002.8583984375,29410.625,29447.75,38750,32,18236551047880470897
True,6,0.5,257,1,"candidate,reference",candidate,17326.644897460938,6011.792,6796.083,39500,32,18236551047880470897
True,6,0.5,257,2,"reference,candidate",reference,27058.03955078125,29415.209,29935.917,39709,32,18236551047880470897
True,6,0.5,257,2,"reference,candidate",candidate,17275.813110351562,6060.875,6822.5,39333,32,18236551047880470897
True,6,0.5,257,3,"candidate,reference",reference,26973.271484375,29409.958,29439.833,39750,32,18236551047880470897
True,6,0.5,257,3,"candidate,reference",candidate,17281.494384765625,6012.667,6857.792,38959,32,18236551047880470897
True,6,0.5,257,4,"reference,candidate",reference,27161.326049804688,29325.542,30726.333,40250,32,18236551047880470897
True,6,0.5,257,4,"reference,candidate",candidate,17309.783813476562,6017.042,6929.25,40000,32,18236551047880470897
True,6,0.5,1024,0,"reference,candidate",reference,27538.935180664062,44202.833,56748.041,40625,8,18236551047880470897
True,6,0.5,1024,0,"reference,candidate",candidate,17274.129272460938,18976.75,20963.958,39541,8,18236551047880470897
True,6,0.5,1024,1,"candidate,reference",reference,27031.346801757812,42357.709,55109.375,39292,8,18236551047880470897
True,6,0.5,1024,1,"candidate,reference",candidate,17281.646606445312,18971.292,20903.792,40666,8,18236551047880470897
True,6,0.5,1024,2,"reference,candidate",reference,27073.572509765625,42433.375,54982.416,39458,8,18236551047880470897
True,6,0.5,1024,2,"reference,candidate",candidate,17449.264526367188,19545.083,21201.916,42041,8,18236551047880470897
True,6,0.5,1024,3,"candidate,reference",reference,27377.827758789062,44330.375,56307.25,44667,8,18236551047880470897
True,6,0.5,1024,3,"candidate,reference",candidate,17936.447021484375,19010.667,21042.666,39708,8,18236551047880470897
True,6,0.5,1024,4,"reference,candidate",reference,26989.649536132812,42409.625,54931.292,40291,8,18236551047880470897
True,6,0.5,1024,4,"reference,candidate",candidate,17315.572143554688,19040.833,21029.709,39500,8,18236551047880470897
