heavy,voices,depth,block,samples_per_trial,repeats,reference_median_ns_per_sample,candidate_median_ns_per_sample,paired_median_reduction_percent,reference_median_trial_p99_us,candidate_median_trial_p99_us,reference_max_block_us,candidate_max_block_us,paired_audio_public_state_exact
True,1,0.0,256,24128,5,9151.079782824934,9181.194960212202,-0.6029887003064394,2898.708,2897.5,3040.334,3253.292,True
True,1,0.5,256,24128,5,14980.771178713529,12719.169554045093,15.030383676980119,14973.541,4086.0,26874.875,5448.625,True
True,6,0.0,256,24128,5,18283.299568965518,13351.182567970822,26.912129874451296,27857.708,5478.333,28678.708,5978.417,True
True,6,0.5,256,24128,5,21870.05765086207,15889.75658985411,27.436965954439373,29241.125,6015.792,29576.083,6822.958,True
True,32,0.0,256,24128,5,24889.63900862069,14856.404923740052,40.310886314604886,27396.375,5497.25,40211.625,5885.792,True
True,32,0.5,256,24128,5,19791.9119280504,16488.4074933687,16.630443751948633,17332.083,5699.625,28590.375,5946.292,True
True,64,0.0,256,24128,5,67349.45213030504,27575.455155835545,59.11894040962127,70359.416,12825.125,82230.125,15033.125,True
True,64,0.5,256,24128,5,50584.87201591512,26779.165119363395,47.06704816498816,58943.042,13283.041,72656.75,15959.792,True
False,6,0.5,256,24128,5,1192.4025198938991,1191.772173408488,0.13953797859082018,333.792,336.0,401.5,565.417,True
False,64,0.5,256,24128,5,1900.7706813660477,1900.6236322944296,-0.040366404085356855,659.459,642.333,1374.375,784.417,True
True,6,0.5,1,8192,5,27702.401489257812,17760.835815429688,34.91116894888017,50.666,52.584,25474.0,1529.083,True
True,6,0.5,64,8192,5,27588.959228515625,17396.80419921875,36.81725047102119,14135.667,2278.292,29608.875,6129.625,True
True,6,0.5,257,8192,5,27058.03955078125,17281.494384765625,36.152753868479145,29410.625,6017.042,30726.333,6929.25,True
True,6,0.5,1024,8192,5,27073.572509765625,17315.572143554688,35.84365695311013,42433.375,19010.667,56748.041,21201.916,True
